{
  "categories": [ 
	{
		"id" : "1",
		"parent": "0",
		"name":"Smart Phones",
		"desc": "lorem ipsum",
		"image": "phone1.jpeg"
	},
	{
		"id" : "3",
		"parent": "1",
		"name":"Samsung",
		"desc": "Samsung Quality Smartphone - 12000/- INR",
		"image": "phone1.jpeg"
	},
	{
		"id" : "5",
		"parent": "1",
		"name":"Asus",
		"desc": "Asus Smart Phone - 8999/- INR",
		"image": "phone2.jpeg"
	},
	{
		"id" : "6",
		"parent": "1",
		"name":"Oppo",
		"desc": "New Opp Smart Phone - 9999/- INR",
		"image": "phone3.jpeg"
	},	
	{
		"id" : "2",
		"parent": "0",
		"name":"Books - Fictions/Non Fictions",
		"desc": "New Opp Smart Phone - 9999/- INR",
		"image": "warnpeace.jpeg"
	},	
	{
		"id" : "7",
		"parent": "2",
		"name":"War and Peace",
		"desc": "War and Peace By Leo Tolstoy (Maple Classics)",
		"image": "warnpeace.jpeg"
	},
	{
		"id" : "8",
		"parent": "2",
		"name":"Paradise Lost",
		"desc": "Paradise Lost By John Milton (FP Classics)",
		"image": "paradiselost.jpeg"
	}
	
		
  ]
}