{
  "categories": [ 
	{
		"id" : "1",
		"parent": "0",
		"name":"Smart Phones",
		"desc": "lorem ipsum\nKolkata\nWestBengal\nContact number:983102000",
		"image": "phone1.jpeg"
	},
	{
		"id" : "3",
		"parent": "1",
		"name":"Samsung",
		"desc": "Samsung Quality Smartphone - 12000/- INR\nMumbai\nMaharastra\nContact number:483102000",
		"image": "phone1.jpeg"
	},
	{
		"id" : "5",
		"parent": "1",
		"name":"Asus",
		"desc": "Asus Smart Phone - 8999/- INR\nKolkata\nWestBengal\nContact number:983102000",
		"image": "phone2.jpeg"
	},
	{
		"id" : "6",
		"parent": "1",
		"name":"Oppo",
		"desc": "New Opp Smart Phone - 9999/- INR\nDelhi\nDelhi\nContact number:1102402000",
		"image": "phone3.jpeg"
	},	
	{
		"id" : "2",
		"parent": "0",
		"name":"Books - Fictions/Non Fictions",
		"desc": "New Opp Smart Phone - 9999/- INR\nKolkata\nWestBengal\nContact number:944102000",
		"image": "warnpeace.jpeg"
	},	
	{
		"id" : "7",
		"parent": "2",
		"name":"War and Peace",
		"desc": "War and Peace By Leo Tolstoy (Maple Classics)\nPune\nMaharastra\nContact number:983102000",
		"image": "warnpeace.jpeg"
	},
	{
		"id" : "8",
		"parent": "2",
		"name":"Paradise Lost",
		"desc": "Paradise Lost By John Milton (FP Classics)\nKolkata\nWestBengal\nContact number:983102000",
		"image": "paradiselost.jpeg"
	}
	
		
  ]
}